Workbook
Name Slicer_Zone: #N/A

Sheet Raw_Data
A1: Rider_ID | B1: Rider_Name | C1: Date | D1: Trips_Completed | E1: Earnings_Per_Trip | F1: Bonus_Eligible (Y/N) | G1: Deductions | H1: Attendance(Present/Absent) | I1: Zone | J1: Week
A2: RID001 | B2: Aman Kumar | C2: 46163 | D2: 7 | E2: 111 | F2: Y | G2: 20.93 | H2: Present | I2: Rohini | J2: ="Week "&WEEKNUM(C2)-WEEKNUM(MIN($C$2:$C$61))+1 -> Week 4
A3: RID002 | B3: Rohit Sharma | C3: 46164 | D3: 11 | E3: 91 | F3: N | G3: 4.77 | H3: Present | I3: Rohini | J3: ="Week "&WEEKNUM(C3)-WEEKNUM(MIN($C$2:$C$61))+1 -> Week 4
A4: RID003 | B4: Vikas Yadav | C4: 46149 | D4: 12 | E4: 83 | F4: Y | G4: 107.4 | H4: Present | I4: Punjabi Bagh | J4: ="Week "&WEEKNUM(C4)-WEEKNUM(MIN($C$2:$C$61))+1 -> Week 2
A5: RID004 | B5: Deepak Singh | C5: 46160 | D5: 10 | E5: 115 | F5: Y | G5: 113.82 | H5: Present | I5: Dwarka | J5: ="Week "&WEEKNUM(C5)-WEEKNUM(MIN($C$2:$C$61))+1 -> Week 4
A6: RID005 | B6: Saurabh Gupta | C6: 46165 | D6: 7 | E6: 99 | F6: Y | G6: 143.58 | H6: Present | I6: Janakpuri | J6: ="Week "&WEEKNUM(C6)-WEEKNUM(MIN($C$2:$C$61))+1 -> Week 4
A7: RID006 | B7: Ankit Verma | C7: 46146 | D7: 4 | E7: 125 | F7: N | G7: 90.56 | H7: Present | I7: Rohini | J7: ="Week "&WEEKNUM(C7)-WEEKNUM(MIN($C$2:$C$61))+1 -> Week 2
A8: RID007 | B8: Mohit Kumar | C8: 46166 | D8: 4 | E8: 128 | F8: Y | G8: 82.81 | H8: Present | I8: Punjabi Bagh | J8: ="Week "&WEEKNUM(C8)-WEEKNUM(MIN($C$2:$C$61))+1 -> Week 5
A9: RID008 | B9: Rahul Jain | C9: 46162 | D9: 8 | E9: 104 | F9: Y | G9: 6.87 | H9: Present | I9: Dwarka | J9: ="Week "&WEEKNUM(C9)-WEEKNUM(MIN($C$2:$C$61))+1 -> Week 4
A10: RID009 | B10: Nitin Chaudhary | C10: 46167 | D10: 4 | E10: 109 | F10: Y | G10: 57.02 | H10: Present | I10: Pitampura | J10: ="Week "&WEEKNUM(C10)-WEEKNUM(MIN($C$2:$C$61))+1 -> Week 5
A11: RID010 | B11: Pankaj Malik | C11: 46163 | D11: 5 | E11: 127 | F11: N | G11: 31.43 | H11: Present | I11: Janakpuri | J11: ="Week "&WEEKNUM(C11)-WEEKNUM(MIN($C$2:$C$61))+1 -> Week 4
A12: RID001 | B12: Aman Kumar | C12: 46165 | D12: 0 | E12: 0 | F12: N | G12: 0 | H12: Absent | I12: Punjabi Bagh | J12: ="Week "&WEEKNUM(C12)-WEEKNUM(MIN($C$2:$C$61))+1 -> Week 4
A13: RID002 | B13: Rohit Sharma | C13: 46145 | D13: 5 | E13: 148 | F13: Y | G13: 24.51 | H13: Present | I13: Pitampura | J13: ="Week "&WEEKNUM(C13)-WEEKNUM(MIN($C$2:$C$61))+1 -> Week 2
... A61: RID010 | B61: Pankaj Malik | C61: 46170 | D61: 5 | E61: 132 | F61: Y | G61: 26.9 | H61: Present | I61: Janakpuri | J61: ="Week "&WEEKNUM(C61)-WEEKNUM(MIN($C$2:$C$61))+1 -> Week 5

Sheet MIS_Summary
A1: Rider_ID | B1: Rider_Name | C1: Date | D1: Trips_Completed | E1: Earnings_Per_Trip | F1: Bonus_Eligible (Y/N) | G1: Deductions | H1: Attendance(Present/Absent) | I1: Zone | J1: Rider's_ID | K1: Rider's_Name | L1: Total_Trips | M1: Total_Earnings | N1: Bonus_Count | O1: Attendance_Rate | P1: Deduction_Total | Q1: Net_Payout | R1: Avg_Trips_Per_Working_Day | S1: Avg_Earnings_Per_Day | T1: Higher_Trips_Per_Day | U1: Bonus_Eligibility % | V1: Zone_Lookup
A2: RID001 | B2: Aman Kumar | C2: 46163 | D2: 7 | E2: 111 | F2: Y | G2: 20.93 | H2: Present | I2: Rohini | J2: =VLOOKUP(Raw_Data!A2,Raw_Data!A2:I61,1) -> RID001 | K2: =_xlfn.XLOOKUP(A2, Raw_Data!A:A, Raw_Data!B:B) -> Aman Kumar | L2: =SUMIF(Raw_Data!A:A,Raw_Data!A2,Raw_Data!D:D) -> 32 | M2: {=SUMPRODUCT((Raw_Data!A$2:A$61=A2)*(Raw_Data!D$2:D$61)*(Raw_Data!E$2:E$61))} -> 3860 | N2: =COUNTIFS(Raw_Data!A:A, A2, Raw_Data!F:F, "Y") -> 3 | O2: =COUNTIFS(Raw_Data!A:A,A2,Raw_Data!H:H,"Present")/COUNTIF(Raw_Data!A:A,A2) -> 0.66666667 | P2: =SUMIF(Raw_Data!A:A, A2, Raw_Data!G:G) -> 100.48 | Q2: =M2-P2 -> 3759.52 | R2: =SUMIF(Raw_Data!A:A,Raw_Data!A2,Raw_Data!D:D)/COUNTIFS(Raw_Data!A:A,Raw_Data!A2,Raw_Data!H:H,"Present") -> 8 | S2: =Table2[[#This Row],[Total_Earnings]]/COUNTIFS(Raw_Data!A:A,Raw_Data!A2,Raw_Data!H:H,"Present") -> 965 | T2: =_xlfn.MAXIFS(Raw_Data!D:D,Raw_Data!A:A,A2) -> 11 | U2: =COUNTIFS(Raw_Data!A:A,A2,Raw_Data!F:F,"Y") / COUNTIF(Raw_Data!A:A,A2) -> 0.5 | V2: =_xlfn.XLOOKUP(A2,Raw_Data!A:A,Raw_Data!I:I) -> Rohini
A3: RID002 | B3: Rohit Sharma | C3: 46164 | D3: 11 | E3: 91 | F3: N | G3: 4.77 | H3: Present | I3: Rohini | J3: =VLOOKUP(Raw_Data!A3,Raw_Data!A3:I62,1) -> RID002 | K3: =_xlfn.XLOOKUP(A3, Raw_Data!A:A, Raw_Data!B:B) -> Rohit Sharma | L3: =SUMIF(Raw_Data!A:A,Raw_Data!A3,Raw_Data!D:D) -> 49 | M3: {=SUMPRODUCT((Raw_Data!A$2:A$61=A3)*(Raw_Data!D$2:D$61)*(Raw_Data!E$2:E$61))} -> 5516 | N3: =COUNTIFS(Raw_Data!A:A, A3, Raw_Data!F:F, "Y") -> 3 | O3: =COUNTIFS(Raw_Data!A:A,A3,Raw_Data!H:H,"Present")/COUNTIF(Raw_Data!A:A,A3) -> 1 | P3: =SUMIF(Raw_Data!A:A, A3, Raw_Data!G:G) -> 255.2 | Q3: =M3-P3 -> 5260.8 | R3: =SUMIF(Raw_Data!A:A,Raw_Data!A3,Raw_Data!D:D)/COUNTIFS(Raw_Data!A:A,Raw_Data!A3,Raw_Data!H:H,"Present") -> 8.1666667 | S3: =Table2[[#This Row],[Total_Earnings]]/COUNTIFS(Raw_Data!A:A,Raw_Data!A3,Raw_Data!H:H,"Present") -> 919.33333 | T3: =_xlfn.MAXIFS(Raw_Data!D:D,Raw_Data!A:A,A3) -> 11 | U3: =COUNTIFS(Raw_Data!A:A,A3,Raw_Data!F:F,"Y") / COUNTIF(Raw_Data!A:A,A3) -> 0.5 | V3: =_xlfn.XLOOKUP(A3,Raw_Data!A:A,Raw_Data!I:I) -> Rohini
A4: RID003 | B4: Vikas Yadav | C4: 46149 | D4: 12 | E4: 83 | F4: Y | G4: 107.4 | H4: Present | I4: Punjabi Bagh | J4: =VLOOKUP(Raw_Data!A4,Raw_Data!A4:I63,1) -> RID003 | K4: =_xlfn.XLOOKUP(A4, Raw_Data!A:A, Raw_Data!B:B) -> Vikas Yadav | L4: =SUMIF(Raw_Data!A:A,Raw_Data!A4,Raw_Data!D:D) -> 52 | M4: {=SUMPRODUCT((Raw_Data!A$2:A$61=A4)*(Raw_Data!D$2:D$61)*(Raw_Data!E$2:E$61))} -> 5609 | N4: =COUNTIFS(Raw_Data!A:A, A4, Raw_Data!F:F, "Y") -> 4 | O4: =COUNTIFS(Raw_Data!A:A,A4,Raw_Data!H:H,"Present")/COUNTIF(Raw_Data!A:A,A4) -> 0.83333333 | P4: =SUMIF(Raw_Data!A:A, A4, Raw_Data!G:G) -> 462.97 | Q4: =M4-P4 -> 5146.03 | R4: =SUMIF(Raw_Data!A:A,Raw_Data!A4,Raw_Data!D:D)/COUNTIFS(Raw_Data!A:A,Raw_Data!A4,Raw_Data!H:H,"Present") -> 10.4 | S4: =Table2[[#This Row],[Total_Earnings]]/COUNTIFS(Raw_Data!A:A,Raw_Data!A4,Raw_Data!H:H,"Present") -> 1121.8 | T4: =_xlfn.MAXIFS(Raw_Data!D:D,Raw_Data!A:A,A4) -> 12 | U4: =COUNTIFS(Raw_Data!A:A,A4,Raw_Data!F:F,"Y") / COUNTIF(Raw_Data!A:A,A4) -> 0.66666667 | V4: =_xlfn.XLOOKUP(A4,Raw_Data!A:A,Raw_Data!I:I) -> Punjabi Bagh
A5: RID004 | B5: Deepak Singh | C5: 46160 | D5: 10 | E5: 115 | F5: Y | G5: 113.82 | H5: Present | I5: Dwarka | J5: =VLOOKUP(Raw_Data!A5,Raw_Data!A5:I64,1) -> RID004 | K5: =_xlfn.XLOOKUP(A5, Raw_Data!A:A, Raw_Data!B:B) -> Deepak Singh | L5: =SUMIF(Raw_Data!A:A,Raw_Data!A5,Raw_Data!D:D) -> 46 | M5: {=SUMPRODUCT((Raw_Data!A$2:A$61=A5)*(Raw_Data!D$2:D$61)*(Raw_Data!E$2:E$61))} -> 4622 | N5: =COUNTIFS(Raw_Data!A:A, A5, Raw_Data!F:F, "Y") -> 4 | O5: =COUNTIFS(Raw_Data!A:A,A5,Raw_Data!H:H,"Present")/COUNTIF(Raw_Data!A:A,A5) -> 0.83333333 | P5: =SUMIF(Raw_Data!A:A, A5, Raw_Data!G:G) -> 409.36 | Q5: =M5-P5 -> 4212.64 | R5: =SUMIF(Raw_Data!A:A,Raw_Data!A5,Raw_Data!D:D)/COUNTIFS(Raw_Data!A:A,Raw_Data!A5,Raw_Data!H:H,"Present") -> 9.2 | S5: =Table2[[#This Row],[Total_Earnings]]/COUNTIFS(Raw_Data!A:A,Raw_Data!A5,Raw_Data!H:H,"Present") -> 924.4 | T5: =_xlfn.MAXIFS(Raw_Data!D:D,Raw_Data!A:A,A5) -> 12 | U5: =COUNTIFS(Raw_Data!A:A,A5,Raw_Data!F:F,"Y") / COUNTIF(Raw_Data!A:A,A5) -> 0.66666667 | V5: =_xlfn.XLOOKUP(A5,Raw_Data!A:A,Raw_Data!I:I) -> Dwarka
A6: RID005 | B6: Saurabh Gupta | C6: 46165 | D6: 7 | E6: 99 | F6: Y | G6: 143.58 | H6: Present | I6: Janakpuri | J6: =VLOOKUP(Raw_Data!A6,Raw_Data!A6:I65,1) -> RID005 | K6: =_xlfn.XLOOKUP(A6, Raw_Data!A:A, Raw_Data!B:B) -> Saurabh Gupta | L6: =SUMIF(Raw_Data!A:A,Raw_Data!A6,Raw_Data!D:D) -> 30 | M6: {=SUMPRODUCT((Raw_Data!A$2:A$61=A6)*(Raw_Data!D$2:D$61)*(Raw_Data!E$2:E$61))} -> 2851 | N6: =COUNTIFS(Raw_Data!A:A, A6, Raw_Data!F:F, "Y") -> 3 | O6: =COUNTIFS(Raw_Data!A:A,A6,Raw_Data!H:H,"Present")/COUNTIF(Raw_Data!A:A,A6) -> 0.83333333 | P6: =SUMIF(Raw_Data!A:A, A6, Raw_Data!G:G) -> 589.1 | Q6: =M6-P6 -> 2261.9 | R6: =SUMIF(Raw_Data!A:A,Raw_Data!A6,Raw_Data!D:D)/COUNTIFS(Raw_Data!A:A,Raw_Data!A6,Raw_Data!H:H,"Present") -> 6 | S6: =Table2[[#This Row],[Total_Earnings]]/COUNTIFS(Raw_Data!A:A,Raw_Data!A6,Raw_Data!H:H,"Present") -> 570.2 | T6: =_xlfn.MAXIFS(Raw_Data!D:D,Raw_Data!A:A,A6) -> 10 | U6: =COUNTIFS(Raw_Data!A:A,A6,Raw_Data!F:F,"Y") / COUNTIF(Raw_Data!A:A,A6) -> 0.5 | V6: =_xlfn.XLOOKUP(A6,Raw_Data!A:A,Raw_Data!I:I) -> Janakpuri
A7: RID006 | B7: Ankit Verma | C7: 46146 | D7: 4 | E7: 125 | F7: N | G7: 90.56 | H7: Present | I7: Rohini | J7: =VLOOKUP(Raw_Data!A7,Raw_Data!A7:I66,1) -> RID006 | K7: =_xlfn.XLOOKUP(A7, Raw_Data!A:A, Raw_Data!B:B) -> Ankit Verma | L7: =SUMIF(Raw_Data!A:A,Raw_Data!A7,Raw_Data!D:D) -> 50 | M7: {=SUMPRODUCT((Raw_Data!A$2:A$61=A7)*(Raw_Data!D$2:D$61)*(Raw_Data!E$2:E$61))} -> 5237 | N7: =COUNTIFS(Raw_Data!A:A, A7, Raw_Data!F:F, "Y") -> 4 | O7: =COUNTIFS(Raw_Data!A:A,A7,Raw_Data!H:H,"Present")/COUNTIF(Raw_Data!A:A,A7) -> 1 | P7: =SUMIF(Raw_Data!A:A, A7, Raw_Data!G:G) -> 422.47 | Q7: =M7-P7 -> 4814.53 | R7: =SUMIF(Raw_Data!A:A,Raw_Data!A7,Raw_Data!D:D)/COUNTIFS(Raw_Data!A:A,Raw_Data!A7,Raw_Data!H:H,"Present") -> 8.3333333 | S7: =Table2[[#This Row],[Total_Earnings]]/COUNTIFS(Raw_Data!A:A,Raw_Data!A7,Raw_Data!H:H,"Present") -> 872.83333 | T7: =_xlfn.MAXIFS(Raw_Data!D:D,Raw_Data!A:A,A7) -> 12 | U7: =COUNTIFS(Raw_Data!A:A,A7,Raw_Data!F:F,"Y") / COUNTIF(Raw_Data!A:A,A7) -> 0.66666667 | V7: =_xlfn.XLOOKUP(A7,Raw_Data!A:A,Raw_Data!I:I) -> Rohini
A8: RID007 | B8: Mohit Kumar | C8: 46166 | D8: 4 | E8: 128 | F8: Y | G8: 82.81 | H8: Present | I8: Punjabi Bagh | J8: =VLOOKUP(Raw_Data!A8,Raw_Data!A8:I67,1) -> RID007 | K8: =_xlfn.XLOOKUP(A8, Raw_Data!A:A, Raw_Data!B:B) -> Mohit Kumar | L8: =SUMIF(Raw_Data!A:A,Raw_Data!A8,Raw_Data!D:D) -> 37 | M8: {=SUMPRODUCT((Raw_Data!A$2:A$61=A8)*(Raw_Data!D$2:D$61)*(Raw_Data!E$2:E$61))} -> 4881 | N8: =COUNTIFS(Raw_Data!A:A, A8, Raw_Data!F:F, "Y") -> 3 | O8: =COUNTIFS(Raw_Data!A:A,A8,Raw_Data!H:H,"Present")/COUNTIF(Raw_Data!A:A,A8) -> 1 | P8: =SUMIF(Raw_Data!A:A, A8, Raw_Data!G:G) -> 469.15 | Q8: =M8-P8 -> 4411.85 | R8: =SUMIF(Raw_Data!A:A,Raw_Data!A8,Raw_Data!D:D)/COUNTIFS(Raw_Data!A:A,Raw_Data!A8,Raw_Data!H:H,"Present") -> 6.1666667 | S8: =Table2[[#This Row],[Total_Earnings]]/COUNTIFS(Raw_Data!A:A,Raw_Data!A8,Raw_Data!H:H,"Present") -> 813.5 | T8: =_xlfn.MAXIFS(Raw_Data!D:D,Raw_Data!A:A,A8) -> 9 | U8: =COUNTIFS(Raw_Data!A:A,A8,Raw_Data!F:F,"Y") / COUNTIF(Raw_Data!A:A,A8) -> 0.5 | V8: =_xlfn.XLOOKUP(A8,Raw_Data!A:A,Raw_Data!I:I) -> Punjabi Bagh
A9: RID008 | B9: Rahul Jain | C9: 46162 | D9: 8 | E9: 104 | F9: Y | G9: 6.87 | H9: Present | I9: Dwarka | J9: =VLOOKUP(Raw_Data!A9,Raw_Data!A9:I68,1) -> RID008 | K9: =_xlfn.XLOOKUP(A9, Raw_Data!A:A, Raw_Data!B:B) -> Rahul Jain | L9: =SUMIF(Raw_Data!A:A,Raw_Data!A9,Raw_Data!D:D) -> 42 | M9: {=SUMPRODUCT((Raw_Data!A$2:A$61=A9)*(Raw_Data!D$2:D$61)*(Raw_Data!E$2:E$61))} -> 4641 | N9: =COUNTIFS(Raw_Data!A:A, A9, Raw_Data!F:F, "Y") -> 6 | O9: =COUNTIFS(Raw_Data!A:A,A9,Raw_Data!H:H,"Present")/COUNTIF(Raw_Data!A:A,A9) -> 1 | P9: =SUMIF(Raw_Data!A:A, A9, Raw_Data!G:G) -> 484.25 | Q9: =M9-P9 -> 4156.75 | R9: =SUMIF(Raw_Data!A:A,Raw_Data!A9,Raw_Data!D:D)/COUNTIFS(Raw_Data!A:A,Raw_Data!A9,Raw_Data!H:H,"Present") -> 7 | S9: =Table2[[#This Row],[Total_Earnings]]/COUNTIFS(Raw_Data!A:A,Raw_Data!A9,Raw_Data!H:H,"Present") -> 773.5 | T9: =_xlfn.MAXIFS(Raw_Data!D:D,Raw_Data!A:A,A9) -> 12 | U9: =COUNTIFS(Raw_Data!A:A,A9,Raw_Data!F:F,"Y") / COUNTIF(Raw_Data!A:A,A9) -> 1 | V9: =_xlfn.XLOOKUP(A9,Raw_Data!A:A,Raw_Data!I:I) -> Dwarka
A10: RID009 | B10: Nitin Chaudhary | C10: 46167 | D10: 4 | E10: 109 | F10: Y | G10: 57.02 | H10: Present | I10: Pitampura | J10: =VLOOKUP(Raw_Data!A10,Raw_Data!A10:I69,1) -> RID009 | K10: =_xlfn.XLOOKUP(A10, Raw_Data!A:A, Raw_Data!B:B) -> Nitin Chaudhary | L10: =SUMIF(Raw_Data!A:A,Raw_Data!A10,Raw_Data!D:D) -> 42 | M10: {=SUMPRODUCT((Raw_Data!A$2:A$61=A10)*(Raw_Data!D$2:D$61)*(Raw_Data!E$2:E$61))} -> 4964 | N10: =COUNTIFS(Raw_Data!A:A, A10, Raw_Data!F:F, "Y") -> 3 | O10: =COUNTIFS(Raw_Data!A:A,A10,Raw_Data!H:H,"Present")/COUNTIF(Raw_Data!A:A,A10) -> 1 | P10: =SUMIF(Raw_Data!A:A, A10, Raw_Data!G:G) -> 396.72 | Q10: =M10-P10 -> 4567.28 | R10: =SUMIF(Raw_Data!A:A,Raw_Data!A10,Raw_Data!D:D)/COUNTIFS(Raw_Data!A:A,Raw_Data!A10,Raw_Data!H:H,"Present") -> 7 | S10: =Table2[[#This Row],[Total_Earnings]]/COUNTIFS(Raw_Data!A:A,Raw_Data!A10,Raw_Data!H:H,"Present") -> 827.33333 | T10: =_xlfn.MAXIFS(Raw_Data!D:D,Raw_Data!A:A,A10) -> 11 | U10: =COUNTIFS(Raw_Data!A:A,A10,Raw_Data!F:F,"Y") / COUNTIF(Raw_Data!A:A,A10) -> 0.5 | V10: =_xlfn.XLOOKUP(A10,Raw_Data!A:A,Raw_Data!I:I) -> Pitampura
A11: RID010 | B11: Pankaj Malik | C11: 46163 | D11: 5 | E11: 127 | F11: N | G11: 31.43 | H11: Present | I11: Janakpuri | J11: =VLOOKUP(Raw_Data!A11,Raw_Data!A11:I70,1) -> RID010 | K11: =_xlfn.XLOOKUP(A11, Raw_Data!A:A, Raw_Data!B:B) -> Pankaj Malik | L11: =SUMIF(Raw_Data!A:A,Raw_Data!A11,Raw_Data!D:D) -> 23 | M11: {=SUMPRODUCT((Raw_Data!A$2:A$61=A11)*(Raw_Data!D$2:D$61)*(Raw_Data!E$2:E$61))} -> 2852 | N11: =COUNTIFS(Raw_Data!A:A, A11, Raw_Data!F:F, "Y") -> 2 | O11: =COUNTIFS(Raw_Data!A:A,A11,Raw_Data!H:H,"Present")/COUNTIF(Raw_Data!A:A,A11) -> 0.66666667 | P11: =SUMIF(Raw_Data!A:A, A11, Raw_Data!G:G) -> 161.67 | Q11: =M11-P11 -> 2690.33 | R11: =SUMIF(Raw_Data!A:A,Raw_Data!A11,Raw_Data!D:D)/COUNTIFS(Raw_Data!A:A,Raw_Data!A11,Raw_Data!H:H,"Present") -> 5.75 | S11: =Table2[[#This Row],[Total_Earnings]]/COUNTIFS(Raw_Data!A:A,Raw_Data!A11,Raw_Data!H:H,"Present") -> 713 | T11: =_xlfn.MAXIFS(Raw_Data!D:D,Raw_Data!A:A,A11) -> 7 | U11: =COUNTIFS(Raw_Data!A:A,A11,Raw_Data!F:F,"Y") / COUNTIF(Raw_Data!A:A,A11) -> 0.33333333 | V11: =_xlfn.XLOOKUP(A11,Raw_Data!A:A,Raw_Data!I:I) -> Janakpuri
A12: RID001 | B12: Aman Kumar | C12: 46165 | D12: 0 | E12: 0 | F12: N | G12: 0 | H12: Absent | I12: Punjabi Bagh | J12: =VLOOKUP(Raw_Data!A12,Raw_Data!A12:I71,1) -> RID001 | K12: =_xlfn.XLOOKUP(A12, Raw_Data!A:A, Raw_Data!B:B) -> Aman Kumar | L12: =SUMIF(Raw_Data!A:A,Raw_Data!A12,Raw_Data!D:D) -> 32 | M12: {=SUMPRODUCT((Raw_Data!A$2:A$61=A12)*(Raw_Data!D$2:D$61)*(Raw_Data!E$2:E$61))} -> 3860 | N12: =COUNTIFS(Raw_Data!A:A, A12, Raw_Data!F:F, "Y") -> 3 | O12: =COUNTIFS(Raw_Data!A:A,A12,Raw_Data!H:H,"Present")/COUNTIF(Raw_Data!A:A,A12) -> 0.66666667 | P12: =SUMIF(Raw_Data!A:A, A12, Raw_Data!G:G) -> 100.48 | Q12: =M12-P12 -> 3759.52 | R12: =SUMIF(Raw_Data!A:A,Raw_Data!A12,Raw_Data!D:D)/COUNTIFS(Raw_Data!A:A,Raw_Data!A12,Raw_Data!H:H,"Present") -> 8 | S12: =Table2[[#This Row],[Total_Earnings]]/COUNTIFS(Raw_Data!A:A,Raw_Data!A12,Raw_Data!H:H,"Present") -> 965 | T12: =_xlfn.MAXIFS(Raw_Data!D:D,Raw_Data!A:A,A12) -> 11 | U12: =COUNTIFS(Raw_Data!A:A,A12,Raw_Data!F:F,"Y") / COUNTIF(Raw_Data!A:A,A12) -> 0.5 | V12: =_xlfn.XLOOKUP(A12,Raw_Data!A:A,Raw_Data!I:I) -> Rohini
A13: RID002 | B13: Rohit Sharma | C13: 46145 | D13: 5 | E13: 148 | F13: Y | G13: 24.51 | H13: Present | I13: Pitampura | J13: =VLOOKUP(Raw_Data!A13,Raw_Data!A13:I72,1) -> RID002 | K13: =_xlfn.XLOOKUP(A13, Raw_Data!A:A, Raw_Data!B:B) -> Rohit Sharma | L13: =SUMIF(Raw_Data!A:A,Raw_Data!A13,Raw_Data!D:D) -> 49 | M13: {=SUMPRODUCT((Raw_Data!A$2:A$61=A13)*(Raw_Data!D$2:D$61)*(Raw_Data!E$2:E$61))} -> 5516 | N13: =COUNTIFS(Raw_Data!A:A, A13, Raw_Data!F:F, "Y") -> 3 | O13: =COUNTIFS(Raw_Data!A:A,A13,Raw_Data!H:H,"Present")/COUNTIF(Raw_Data!A:A,A13) -> 1 | P13: =SUMIF(Raw_Data!A:A, A13, Raw_Data!G:G) -> 255.2 | Q13: =M13-P13 -> 5260.8 | R13: =SUMIF(Raw_Data!A:A,Raw_Data!A13,Raw_Data!D:D)/COUNTIFS(Raw_Data!A:A,Raw_Data!A13,Raw_Data!H:H,"Present") -> 8.1666667 | S13: =Table2[[#This Row],[Total_Earnings]]/COUNTIFS(Raw_Data!A:A,Raw_Data!A13,Raw_Data!H:H,"Present") -> 919.33333 | T13: =_xlfn.MAXIFS(Raw_Data!D:D,Raw_Data!A:A,A13) -> 11 | U13: =COUNTIFS(Raw_Data!A:A,A13,Raw_Data!F:F,"Y") / COUNTIF(Raw_Data!A:A,A13) -> 0.5 | V13: =_xlfn.XLOOKUP(A13,Raw_Data!A:A,Raw_Data!I:I) -> Rohini
... A61: RID010 | B61: Pankaj Malik | C61: 46170 | D61: 5 | E61: 132 | F61: Y | G61: 26.9 | H61: Present | I61: Janakpuri | J61: =VLOOKUP(Raw_Data!A61,Raw_Data!A61:I120,1) -> RID010 | K61: =_xlfn.XLOOKUP(A61, Raw_Data!A:A, Raw_Data!B:B) -> Pankaj Malik | L61: =SUMIF(Raw_Data!A:A,Raw_Data!A61,Raw_Data!D:D) -> 23 | M61: {=SUMPRODUCT((Raw_Data!A$2:A$61=A61)*(Raw_Data!D$2:D$61)*(Raw_Data!E$2:E$61))} -> 2852 | N61: =COUNTIFS(Raw_Data!A:A, A61, Raw_Data!F:F, "Y") -> 2 | O61: =COUNTIFS(Raw_Data!A:A,A61,Raw_Data!H:H,"Present")/COUNTIF(Raw_Data!A:A,A61) -> 0.66666667 | P61: =SUMIF(Raw_Data!A:A, A61, Raw_Data!G:G) -> 161.67 | Q61: =M61-P61 -> 2690.33 | R61: =SUMIF(Raw_Data!A:A,Raw_Data!A61,Raw_Data!D:D)/COUNTIFS(Raw_Data!A:A,Raw_Data!A61,Raw_Data!H:H,"Present") -> 5.75 | S61: =Table2[[#This Row],[Total_Earnings]]/COUNTIFS(Raw_Data!A:A,Raw_Data!A61,Raw_Data!H:H,"Present") -> 713 | T61: =_xlfn.MAXIFS(Raw_Data!D:D,Raw_Data!A:A,A61) -> 7 | U61: =COUNTIFS(Raw_Data!A:A,A61,Raw_Data!F:F,"Y") / COUNTIF(Raw_Data!A:A,A61) -> 0.33333333 | V61: =_xlfn.XLOOKUP(A61,Raw_Data!A:A,Raw_Data!I:I) -> Janakpuri

Sheet Dashboard
D4: Delhi Rider Operations Dashboard Performance Overview |Last 4 Weeks
E6: Total Net Payout | G6: Avg Trips Per Rider | I6: Bonuses Given | K6: Attendance Rate
E7: 247689.78 | G7: 40.3 | I7: 210 | K7: 0.88333333
I23: Weekly Performance Pivot
I24: Week | J24: Trips | K24: Earnings
I25: Week 1 | J25: 37 | K25: 348
I26: Week 2 | J26: 141 | K26: 2253
I27: Week 3 | J27: 57 | K27: 986
I28: Week 4 | J28: 92 | K28: 1302
I29: Week 5 | J29: 76 | K29: 1073
I30: Grand Total | J30: 403 | K30: 5962
P31: Week | Q31: Attendance Rate
P32: Aman Kumar | Q32: 0.66666667 | R32: Week | S32: Total Net Payout
P33: Ankit Verma | Q33: 1 | R33: Mohit Kumar | S33: 26471.1
P34: Deepak Singh | Q34: 0.83333333 | R34: Nitin Chaudhary | S34: 27403.68
P35: Mohit Kumar | Q35: 1 | R35: Ankit Verma | S35: 28887.18
P36: Nitin Chaudhary | Q36: 1 | R36: Vikas Yadav | S36: 30876.18
P37: Pankaj Malik | Q37: 0.66666667 | R37: Rohit Sharma | S37: 31564.8
P38: Rahul Jain | Q38: 1 | R38: Grand Total | S38: 145202.94
P39: Rohit Sharma | Q39: 1
P40: Saurabh Gupta | Q40: 0.83333333
P41: Vikas Yadav | Q41: 0.83333333
P42: Grand Total | Q42: 0.88333333

Sheet AI_Insights
B3: Formula Used | C3: Formula Screenshot | D3: Formula Explanation
B4: Total Trips by Rider | C4: =SUMIF(Raw_Data!A:A,A2,Raw_Data!D:D) | D4: This formula calculates the total number of trips completed by a specific rider. It searches for the Rider ID in the Raw_Data sheet and adds together all the trip counts associated with that rider. This helps measure each rider's overall productivity during the reporting period.
B5: Total Earnings | C5: =SUMPRODUCT((Raw_Data!A$2:A$61=A2)*(Raw_Data!D$2:D$61)*(Raw_Data!E$2:E$61)) | D5: This formula calculates the rider's total earnings by multiplying the number of trips completed by the earnings per trip for every matching record and then summing the results. It provides the rider's total gross earnings before deductions.
B6: Bonus Count | C6: =COUNTIFS(Raw_Data!A:A,A2,Raw_Data!F:F,"Y") | D6: This formula counts how many times a rider qualified for a performance bonus. It checks every record for the selected rider and counts only those where Bonus Eligible is marked as "Y".
B7: Attendance Rate | C7: =COUNTIFS(Raw_Data!A:A,A2,Raw_Data!H:H,"Present")/COUNTIF(Raw_Data!A:A,A2) | D7: This formula calculates the percentage of days a rider was present. It divides the number of days marked "Present" by the total number of recorded working days for that rider. This KPI helps evaluate reliability and consistency.
B8: Rider Name Lookup | C8: =XLOOKUP(A2,Raw_Data!A:A,Raw_Data!B:B) | D8: This formula retrieves the rider's name based on the Rider ID entered in the MIS sheet. It ensures that rider information is displayed automatically without manual entry.
B9: Deduction Total | C9: =SUMIF(Raw_Data!A:A,A2,Raw_Data!G:G) | D9: This formula adds together all deductions applied to a rider during the reporting period, including penalties or operational deductions. It is used to determine the rider's final payout.
B10: Net Payout | C10: =Total Earnings-Deduction Total | D10: This formula calculates the rider's final payout after subtracting all deductions from total earnings. It represents the amount payable to the rider.

Sheet Weekly_MIS_Reports
